<?xml version="1.0" encoding="UTF-8"?>

<beans xmlns = "http://www.springframework.org/schema/beans"
      xmlns:xsi = "http://www.w3.org/2001/XMLSchema-instance"
      xsi:context = "http://www.springframework.org/schema/context"
      xsi:schemaLocation = "http://www.springframework.org/schema/beans
    
	       https://www.springframework.org/schema/beans/spring-beans.xsd
           http://www.springframework.org/schema/context
           https://www.springframework.org/schema/context/spring-context.xsd">
           
           
   <bean id="question0" class="com.questionspring.Question">
    <constructor-arg index="0" type="int" value="1"/>
    <constructor-arg index="1" value="What is inheritance?"/>
    <constructor-arg index="2">
            <list>
                <value>When baseclass inherits the properties of parent it's called inheritance</value>
            </list>
    </constructor-arg>
    </bean>
 </beans>