<?xml version="1.0" encoding="UTF-8"?>



<beans xmlns = "http://www.springframework.org/schema/beans"
      xmlns:xsi = "http://www.w3.org/2001/XMLSchema-instance"
      xsi:context = "http://www.springframework.org/schema/context"
      xsi:schemaLocation = "http://www.springframework.org/schema/beans
    
	       https://www.springframework.org/schema/beans/spring-beans.xsd
           http://www.springframework.org/schema/context
           https://www.springframework.org/schema/context/spring-context.xsd">
           
           
            
      <bean id ="bankheart " class="com.bankspring.BankAccountController"></bean>

      
      
      <!--   <property name= "bankheart" ref ="bankcontrollerobj"></property>-->
      
  
      
    
  
       
       <bean id="bankac" class="com.bankspring.BankAccount" autowire="constructor">
       <property name="accountId"  value="1171"/>
        <property name="accountHolderName" value="ayesha"/>
        <property name="accountType" value="Saving"/>
        <property name="accountBalance" value="15000"/>
        </bean> </beans>
        
        
        

    


 



  
   
            
   
  
  
  
  
  
  
  
  
    
    


 