<?xml version="1.0" encoding="UTF-8"?>

<!DOCTYPE beans PUBLIC "-//SPRING//DTD BEAN 2.0//EN" "http://www.springframework.org/dtd/spring-beans-2.0.dtd">


<beans>
    <bean id="contextAware" class="com.q10all.ContextAwareExample">
        <property name="place" value="Delhi"/>
        <property name="demo" ref="Demo"/>
    </bean>
    <bean id="contextAware1" class="com.q10all.ContextAwareExample">
        <property name="place" value="Mumbai"/>
        <property name="demo" ref="Demo"/>
    </bean>

    <bean id="Demo" class="com.q10all.Demo" scope="prototype">
        <property name="x" value="10"/>
        <property name="y" value="20"/>
    </bean>
</beans>