<?xml version="1.0" encoding="UTF-8"?>

<beans xmlns = "http://www.springframework.org/schema/beans"
       xmlns:xsi = "http://www.w3.org/2001/XMLSchema-instance"
       xmlns:context = "http://www.springframework.org/schema/context"
       xsi:schemaLocation = "http://www.springframework.org/schema/beans
   http://www.springframework.org/schema/beans/spring-beans-3.0.xsd
   http://www.springframework.org/schema/context
   http://www.springframework.org/schema/context/spring-context-3.0.xsd">


    <bean id="studentRequired" class="com.q5all.Student">
        <property name="name" value="Tony"/>
    </bean>

    <bean id="studentResource" class="com.q5all.Student">
        <property name="name" value="Tony"/>
        <property name="age" value="15"/>
    </bean>
    <bean id="school" class = "com.q5all.School">
        <property name="name" value="HIC"/>
        <property name="TotalStudent" value="200"/>

    </bean>

    <bean id="school1" class = "com.q5all.School">
        <property name="name" value="HIC"/>
        <property name="TotalStudent" value="200"/>

    </bean>
    <bean id="school2" class = "com.q5all.School">
        <property name="name" value="LNPS"/>
        <property name="TotalStudent" value="500"/>

    </bean>

    <bean id="school3" class = "com.q5all.School">
        <property name="name" value="SSBVM"/>
        <property name="TotalStudent" value="250"/>
</bean>
    


</beans>